{
  "mean": [
    3.8450520833333335,
    121.65625,
    72.38671875,
    29.108072916666668,
    140.671875,
    32.45520833631357,
    0.4718763029280429,
    33.240885416666664
  ],
  "std": [
    3.3673836124089958,
    30.418462775166116,
    12.088763750899638,
    8.785495707586254,
    86.32680240314153,
    6.8706993014676385,
    0.33111281780713875,
    11.752572645994181
  ],
  "features": [
    "pregnancies",
    "glucose",
    "blood_pressure",
    "skin_thickness",
    "insulin",
    "bmi",
    "diabetes_pedigree",
    "age"
  ]
}